"ID","NAME","PRICE","COMPANY","STATE","START_TIME","END_TIME","START_LOCAL","END_LOCAL","ACCOUNT","SAVE","COMPLAINTS"
"89757","手机","6000","百世汇通","拣货","4.1","4.3","深圳","珠海","miss/20210307","优惠","投诉"
"1234","电脑","10000","圆通","发货","4.2","4.4","上海","武汉","104920","优惠","投诉"
"89756","打印机","120000","菜鸟驿站","拣货","5.1","5.2","珠海","上海","miss/20210307","优惠","投诉"
"1235","红酒","100","中通","发货","5.2","5.4","北京","兰州","104920","优惠","投诉"
"12138","主机","100000","邮政","送货","4.30","5.2","天津","广州","vscode","优惠","投诉"
"1111","眼镜","200","邮政","到货","3.2","3.9","武汉","惠州","pycharm","优惠","投诉"
